DATABASE_ID,NAME,SMILES,SMILES_cargado,logPN,logPI,Delta,Carga,fr_Al_COO,fr_Al_OH,fr_Al_OH_noTert,fr_ArN,fr_Ar_COO,fr_Ar_N,fr_Ar_NH,fr_Ar_OH,fr_COO,fr_COO2,fr_C_O,fr_C_O_noCOO,fr_HOCCN,fr_Imine,fr_NH0,fr_NH1,fr_NH2,fr_Ndealkylation1,fr_Ndealkylation2,fr_Nhpyrrole,fr_allylic_oxid,fr_amide,fr_amidine,fr_aniline,fr_aryl_methy,fr_azo,fr_benzene,fr_benzodiazepine,fr_bicyclic,fr_dihydropyridine,fr_ester,fr_ether,fr_furan,fr_guanido,fr_ketone,fr_ketone_Topliss,fr_lactam,fr_lactone,fr_methoxy,fr_morpholine,fr_nitrile,fr_nitro,fr_nitro_arom,fr_nitro_arom_nonortho,fr_oxime,fr_para_hydroxylation,fr_phenol,fr_phenol_noOrthoHbond,fr_piperdine,fr_piperzine,fr_priamide,fr_pyridine,fr_sulfide,fr_sulfonamd,fr_term_acetylene,fr_thiazole,fr_unbrch_alkane,MW,MR,HBA,HBD,RotBonds,AromRings,AliphRings,PSA,C,Cl,F,I,MR_carg,PSA_carg
ENV7053,"2-Pyridinepentanamine, monohydrochloride",NCCCCCc1ccccn1,[NH3+]CCCCCc1ccccn1,1.32,-1.23,2.55,1,0,0,0,0,0,1,0,0,0,0,0,0,0,0,1,0,1,0,0,0,0,0,0,0,1,0,0,0,0,0,0,0,0,0,0,0,0,0,0,0,0,0,0,0,0,0,0,0,0,0,0,1,0,0,0,0,2,164.252,50.84640000000003,2,1,5,1,0,38.91,10,0,0,0,49.54710000000003,40.53
ENV7055,"4-Pyridinepentanamine, monohydrochloride",NCCCCCc1ccncc1,[NH3+]CCCCCc1ccncc1,1.4,-1.32,2.72,1,0,0,0,0,0,1,0,0,0,0,0,0,0,0,1,0,1,0,0,0,0,0,0,0,1,0,0,0,0,0,0,0,0,0,0,0,0,0,0,0,0,0,0,0,0,0,0,0,0,0,0,1,0,0,0,0,2,164.25199999999998,50.84640000000003,2,1,5,1,0,38.91,10,0,0,0,49.54710000000003,40.53
ZW23,Trp-Trp-1,C1=CC=C2C(=C1)C(=CN2)CC(C(=O)NC(CC3=CNC4=CC=CC=C43)C(=O)O)N,[NH3+]C(Cc1c[nH]c2ccccc12)C(=O)NC(Cc1c[nH]c2ccccc12)C(=O)O,-0.1,0.49,-0.59,1,1,0,0,0,0,2,2,0,1,1,2,1,0,0,0,3,1,0,0,2,0,1,0,0,0,0,2,0,2,0,0,0,0,0,0,0,0,0,0,0,0,0,0,0,0,2,0,0,0,0,0,0,0,0,0,0,0,390.4430000000001,111.54730000000004,3,5,7,4,0,124.0,22,0,0,0,110.24800000000002,125.62
ZW21,Trp-Phe-1,C1=CC=C(C=C1)CC(C(=O)O)NC(=O)C(CC2=CNC3=CC=CC=C32)N,[NH3+]C(Cc1c[nH]c2ccccc12)C(=O)NC(Cc1ccccc1)C(=O)O,-0.28,0.33,-0.6100000000000001,1,1,0,0,0,0,1,1,0,1,1,2,1,0,0,0,2,1,0,0,1,0,1,0,0,0,0,2,0,1,0,0,0,0,0,0,0,0,0,0,0,0,0,0,0,0,1,0,0,0,0,0,0,0,0,0,0,0,351.40600000000006,99.69060000000005,3,4,7,3,0,108.21,20,0,0,0,98.39130000000004,109.83
MON9,Amiodarone,CCCCC1=C(C2=CC=CC=C2O1)C(=O)C3=CC(=C(C(=C3)I)OCCN(CC)CC)I,CCCCc1oc2ccccc2c1C(=O)c1cc(I)c(OCC[NH+](CC)CC)c(I)c1,7.8,4.02,3.78,1,0,0,0,0,0,0,0,0,0,0,1,1,0,0,1,0,0,1,0,0,0,0,0,0,1,0,2,0,1,0,0,1,1,0,1,0,0,0,0,0,0,0,0,0,0,1,0,0,0,0,0,0,0,0,0,0,0,645.3190000000002,143.41749999999985,4,0,11,3,0,42.68,25,0,0,2,142.5411999999999,43.88
ZW17,Piroxicam-1,CN1C(=C(C2=CC=CC=C2S1(=O)=O)O)C(=O)NC3=CC=CC=N3,CN1C(C(=O)Nc2cccc[nH+]2)=C(O)c2ccccc2S1(=O)=O,1.98,0.96,1.02,1,0,1,1,0,0,1,0,0,0,0,1,1,0,0,2,1,0,1,0,0,0,1,0,1,0,0,1,0,1,0,0,0,0,0,0,0,0,0,0,0,0,0,0,0,0,0,0,0,0,0,0,1,0,1,0,0,0,331.353,83.80630000000004,5,2,2,2,1,99.6,15,0,0,0,82.56700000000004,100.85
MON65,Roxithromycin,CCC1C(C(C(C(=NOCOCCOC)C(CC(C(C(C(C(C(=O)O1)C)OC2CC(C(C(O2)C)O)(C)OC)C)OC3C(C(CC(O3)C)N(C)C)O)(C)O)C)C)O)(C)O,CCC1OC(=O)C(C)C(OC2CC(C)(OC)C(O)C(C)O2)C(C)C(OC2OC(C)CC([NH+](C)C)C2O)C(C)(O)CC(C)C(=NOCOCCOC)C(C)C(O)C1(C)O,3.79,1.02,2.77,1,0,5,3,0,0,0,0,0,0,0,1,1,0,0,2,0,0,1,0,0,0,0,0,0,0,0,0,0,0,0,1,8,0,0,0,0,0,1,2,0,0,0,0,0,1,0,0,0,0,0,0,0,0,0,0,0,4,837.0580000000001,212.4659999999992,17,5,13,0,3,216.89,41,0,0,0,211.5896999999992,218.08999999999995
MON71,Tetracaine,CCCCNC1=CC=C(C=C1)C(=O)OCCN(C)C,CCCCNc1ccc(C(=O)OCC[NH+](C)C)cc1,3.51,0.22,3.29,1,0,0,0,0,0,0,0,0,0,0,1,1,0,0,1,1,0,1,0,0,0,0,0,1,0,0,1,0,0,0,1,1,0,0,0,0,0,0,0,0,0,0,0,0,0,0,0,0,0,0,0,0,0,0,0,0,1,264.369,78.67620000000005,4,1,8,1,0,41.57,15,0,0,0,77.79990000000005,42.77
MON7,Acebutolol,CCCC(=O)NC1=CC(=C(C=C1)OCC(CNC(C)C)O)C(=O)C,CCCC(=O)Nc1ccc(OCC(O)C[NH2+]C(C)C)c(C(C)=O)c1,2.02,-0.5,2.52,1,0,1,1,0,0,0,0,0,0,0,2,2,0,0,0,2,0,0,0,0,0,1,0,1,0,0,1,0,0,0,0,1,0,0,1,1,0,0,0,0,0,0,0,0,0,0,0,0,0,0,0,0,0,0,0,0,0,336.4320000000001,94.62470000000005,5,3,10,1,0,87.66,18,0,0,0,93.41440000000004,92.24
MON30,Flufenamic acid,C1=CC=C(C(=C1)C(=O)O)NC2=CC=CC(=C2)C(F)(F)F,C1=CC=C(C(=C1)C(=O)[O-])NC2=CC=CC(=C2)C(F)(F)F,5.56,1.77,3.79,-1,0,0,0,0,1,0,0,0,1,1,1,0,0,0,0,1,0,0,0,0,0,0,0,2,0,0,2,0,0,0,0,0,0,0,0,0,0,0,0,0,0,0,0,0,0,1,0,0,0,0,0,0,0,0,0,0,0,281.23299999999995,68.12800000000001,2,2,3,2,0,49.33,14,0,3,0,65.49920000000002,52.16
ENV12425,"BENZENEACETIC ACID, 2-[(2,6-DICHLOROPHENYL)AMINO",O=C(O)Cc1ccccc1Nc1c(Cl)cccc1Cl,O=C([O-])Cc1ccccc1Nc1c(Cl)cccc1Cl,4.51,0.65,3.86,-1,1,0,0,0,0,0,0,0,1,1,1,0,0,0,0,1,0,0,0,0,0,0,0,2,0,0,2,0,0,0,0,0,0,0,0,0,0,0,0,0,0,0,0,0,0,2,0,0,0,0,0,0,0,0,0,0,0,296.153,77.52650000000003,2,2,4,2,0,49.33,14,2,0,0,74.89770000000003,52.16
MON33,Hydrochlorothiazide,C1NC2=CC(=C(C=C2S(=O)(=O)N1)S(=O)(=O)N)Cl,C1NC2=CC(=C(C=C2S(=O)(=O)N1)S(=O)(=O)[NH-])Cl,-0.03,-1.59,1.56,-1,0,0,0,0,0,0,0,0,0,0,0,0,0,0,0,2,1,0,0,0,0,0,0,1,0,0,1,0,1,0,0,0,0,0,0,0,0,0,0,0,0,0,0,0,0,0,0,0,0,0,0,0,0,2,0,0,0,297.745,61.636400000000016,5,3,1,1,1,118.36,7,1,0,0,61.77070000000002,116.14
MON53,Phenylalanine,C1=CC=C(C=C1)CC(C(=O)O)N,[NH3+]C(Cc1ccccc1)C(=O)O,-1.38,-1.41,0.03,1,1,0,0,0,0,0,0,0,1,1,1,0,0,0,0,0,1,0,0,0,0,0,0,0,0,0,1,0,0,0,0,0,0,0,0,0,0,0,0,0,0,0,0,0,0,0,0,0,0,0,0,0,0,0,0,0,0,165.19199999999998,45.75720000000001,2,2,3,1,0,63.31999999999999,9,0,0,0,44.45790000000001,64.94
ZW5,Doxycycline-1,CC1C2C(C3C(C(=O)C(=C(C3(C(=O)C2=C(C4=C1C=CC=C4O)O)O)O)C(=O)N)N(C)C)O,CC1c2cccc(O)c2C(O)=C2C(=O)C3(O)C(O)=C(C(N)=O)C(=O)C([NH+](C)C)C3C(O)C21,0.42,0.09,0.3299999999999999,1,0,4,3,0,0,0,0,1,0,0,3,3,0,0,1,0,1,1,0,0,0,1,0,0,0,0,1,0,3,0,0,0,0,0,2,2,0,0,0,0,0,0,0,0,0,0,1,1,0,0,1,0,0,0,0,0,0,444.4400000000001,110.34540000000008,9,6,2,1,3,181.62000000000003,22,0,0,0,109.4691,182.82
MON23,Diclofenac,C1=CC=C(C(=C1)CC(=O)O)NC2=C(C=CC=C2Cl)Cl,C1=CC=C(C(=C1)CC(=O)[O-])NC2=C(C=CC=C2Cl)Cl,4.51,0.68,3.83,-1,1,0,0,0,0,0,0,0,1,1,1,0,0,0,0,1,0,0,0,0,0,0,0,2,0,0,2,0,0,0,0,0,0,0,0,0,0,0,0,0,0,0,0,0,0,2,0,0,0,0,0,0,0,0,0,0,0,296.153,77.52650000000003,2,2,4,2,0,49.33,14,2,0,0,74.89770000000003,52.16
ENV4224,"BENZENEACETIC ACID, 2-[(2,6-DICHLOROPHENYL)AMINO",O=C(O)Cc1ccccc1Nc1c(Cl)cccc1Cl,O=C([O-])Cc1ccccc1Nc1c(Cl)cccc1Cl,4.51,0.7,3.81,-1,1,0,0,0,0,0,0,0,1,1,1,0,0,0,0,1,0,0,0,0,0,0,0,2,0,0,2,0,0,0,0,0,0,0,0,0,0,0,0,0,0,0,0,0,0,2,0,0,0,0,0,0,0,0,0,0,0,296.153,77.52650000000003,2,2,4,2,0,49.33,14,2,0,0,74.89770000000003,52.16
MON43,Metoprolol,CC(C)NCC(COC1=CC=C(C=C1)CCOC)O,COCCc1ccc(OCC(O)C[NH2+]C(C)C)cc1,1.95,-1.1,3.05,1,0,1,1,0,0,0,0,0,0,0,0,0,0,0,0,1,0,0,0,0,0,0,0,0,0,0,1,0,0,0,0,2,0,0,0,0,0,0,1,0,0,0,0,0,0,0,0,0,0,0,0,0,0,0,0,0,0,267.369,76.66250000000004,4,2,9,1,0,50.72,15,0,0,0,75.45220000000005,55.3
MON75,Verapamil,CC(C)C(CCCN(C)CCC1=CC(=C(C=C1)OC)OC)(C#N)C2=CC(=C(C=C2)OC)OC,COc1ccc(CC[NH+](C)CCCC(C#N)(c2ccc(OC)c(OC)c2)C(C)C)cc1OC,4.33,0.71,3.62,1,0,0,0,0,0,0,0,0,0,0,0,0,0,0,2,0,0,1,0,0,0,0,0,0,0,0,2,0,0,0,0,4,0,0,0,0,0,0,4,0,1,0,0,0,0,0,0,0,0,0,0,0,0,0,0,0,0,454.6110000000003,131.656,6,0,13,2,0,63.95,27,0,0,0,130.77970000000005,65.15
MON55,Pindolol,CC(C)NCC(COC1=CC=CC2=C1C=CN2)O,CC(C)[NH2+]CC(O)COc1cccc2[nH]ccc12,1.83,-1.32,3.1500000000000004,1,0,1,1,0,0,1,1,0,0,0,0,0,0,0,0,2,0,0,0,1,0,0,0,0,0,0,1,0,1,0,0,1,0,0,0,0,0,0,0,0,0,0,0,0,0,0,0,0,0,0,0,0,0,0,0,0,0,248.326,72.93920000000003,3,3,6,2,0,57.28,14,0,0,0,71.72890000000004,61.86000000000001
ZW7,Enalaprilat-1,CC(C(=O)N1CCCC1C(=O)O)NC(CCC2=CC=CC=C2)C(=O)O,CC([NH2+]C(CCc1ccccc1)C(=O)O)C(=O)N1CCCC1C(=O)O,-0.13,-0.99,0.86,1,2,0,0,0,0,0,0,0,2,2,3,1,0,0,1,1,0,0,1,0,0,1,0,0,1,0,1,0,0,0,0,0,0,0,0,0,0,0,0,0,0,0,0,0,0,0,0,0,0,0,0,0,0,0,0,0,0,348.39900000000006,91.15530000000008,4,3,8,1,1,106.94,18,0,0,0,89.94500000000005,111.52
MON2,3-Aminobenzoic acid,C1=CC(=CC(=C1)N)C(=O)O,[NH3+]c1cccc(C(=O)O)c1,0.34,-0.93,1.27,1,0,0,0,1,1,0,0,0,1,1,1,0,0,0,0,0,1,0,0,0,0,0,0,1,0,0,1,0,0,0,0,0,0,0,0,0,0,0,0,0,0,0,0,0,0,0,0,0,0,0,0,0,0,0,0,0,0,137.138,37.81369999999999,2,2,1,1,0,63.32000000000001,7,0,0,0,35.949400000000004,64.94
MON73,Trimethoprim,COC1=CC(=CC(=C1OC)OC)CC2=CN=C(N=C2N)N,COc1cc(Cc2c[nH+]c(N)nc2N)cc(OC)c1OC,0.83,-0.88,1.71,1,0,0,0,2,0,2,0,0,0,0,0,0,0,0,2,0,2,0,0,0,0,0,0,2,0,0,1,0,0,0,0,3,0,0,0,0,0,0,3,0,0,0,0,0,0,0,0,0,0,0,0,0,0,0,0,0,0,290.32300000000004,79.76080000000002,7,2,5,2,0,105.51,14,0,0,0,78.52150000000003,106.76
MON67,Sotalol,CC(C)NCC(C1=CC=C(C=C1)NS(=O)(=O)C)O,CC(C)[NH2+]CC(O)c1ccc(NS(C)(=O)=O)cc1,-0.47,-1.43,0.96,1,0,1,1,0,0,0,0,0,0,0,0,0,0,0,0,2,0,0,0,0,0,0,0,1,0,0,1,0,0,0,0,0,0,0,0,0,0,0,0,0,0,0,0,0,0,0,0,0,0,0,0,0,0,1,0,0,0,272.37,73.00700000000003,4,3,6,1,0,78.42999999999999,12,0,0,0,71.79670000000003,83.00999999999999
MON10,Amitriptyline,CN(C)CCC=C1C2=CC=CC=C2CCC3=CC=CC=C31,C[NH+](C)CCC=C1c2ccccc2CCc2ccccc21,4.62,0.16,4.46,1,0,0,0,0,0,0,0,0,0,0,0,0,0,0,1,0,0,0,0,0,0,0,0,0,2,0,2,0,2,0,0,0,0,0,0,0,0,0,0,0,0,0,0,0,0,0,0,0,0,0,0,0,0,0,0,0,0,277.411,90.54200000000006,1,0,3,2,1,3.24,20,0,0,0,89.66570000000006,4.44
MON28,"Ethinylestradiol,17-?",CC12CCC3C(C1CCC2(C#C)O)CCC4=C3C=CC(=C4)O,CC12CCC3C(C1CCC2(C#C)O)CCC4=C3C=CC(=C4)[O-],3.42,1.29,2.13,-1,0,1,0,0,0,0,0,1,0,0,0,0,0,0,0,0,0,0,0,0,0,0,0,0,1,0,1,0,5,0,0,0,0,0,0,0,0,0,0,0,0,0,0,0,0,0,1,1,0,0,0,0,0,0,1,0,0,296.41,86.50660000000003,2,2,0,1,3,40.46,20,0,0,0,84.28780000000005,43.29
MON60,Prostaglandin E1,CCCCCC(C=CC1C(CC(=O)C1CCCCCCC(=O)O)O)O,CCCCCC(C=CC1C(CC(=O)C1CCCCCCC(=O)[O-])O)O,3.2,-0.33,3.53,-1,1,2,2,0,0,0,0,0,1,1,2,1,0,0,0,0,0,0,0,0,0,0,0,0,0,0,0,0,0,0,0,0,0,0,1,1,0,0,0,0,0,0,0,0,0,0,0,0,0,0,0,0,0,0,0,0,4,354.487,97.23740000000004,4,3,13,0,1,94.83,20,0,0,0,94.60860000000004,97.66
MON58,Procaine,CCN(CC)CCOC(=O)C1=CC=C(C=C1)N,CC[NH+](CC)CCOC(=O)c1ccc(N)cc1,2.14,-0.81,2.95,1,0,0,0,1,0,0,0,0,0,0,1,1,0,0,1,0,1,1,0,0,0,0,0,1,0,0,1,0,0,0,1,1,0,0,0,0,0,0,0,0,0,0,0,0,0,0,0,0,0,0,0,0,0,0,0,0,0,236.315,68.92490000000004,4,1,6,1,0,55.56,13,0,0,0,68.04860000000004,56.760000000000005
ZW14,Nitrazepam-2,C1C(=O)NC2=C(C=C(C=C2)[N+](=O)[O-])C(=N1)C3=CC=CC=C3,C1C(=O)[N-]C2=C(C=C(C=C2)[N+](=O)[O-])C(=N1)C3=CC=CC=C3,2.38,0.64,1.7399999999999998,-1,0,0,0,0,0,0,0,0,0,0,1,1,0,1,2,1,0,0,0,0,0,1,0,1,0,0,2,1,1,0,0,0,0,0,0,0,0,0,0,0,0,1,1,1,0,0,0,0,0,0,0,0,0,0,0,0,0,281.271,78.67410000000001,4,1,2,2,1,84.6,15,0,0,0,78.0704,86.67
MON56,Primaquine,CC(CCCN)NC1=C2C(=CC(=C1)OC)C=CC=N2,COc1cc(NC(C)CCC[NH3+])c2ncccc2c1,3.0,1.14,1.86,1,0,0,0,0,0,1,0,0,0,0,0,0,0,0,1,1,1,0,0,0,0,0,0,1,0,0,1,0,1,0,0,1,0,0,0,0,0,0,1,0,0,0,0,0,0,0,0,0,0,0,0,1,0,0,0,0,0,259.353,79.66810000000004,4,2,6,2,0,60.17,15,0,0,0,78.36880000000002,61.79
MON18,Chlorpromazine,CN(C)CCCN1C2=CC=CC=C2SC3=C1C=C(C=C3)Cl,C[NH+](C)CCCN1c2ccccc2Sc2ccc(Cl)cc21,5.4,1.67,3.73,1,0,0,0,0,0,0,0,0,0,0,0,0,0,0,2,0,0,0,0,0,0,0,0,2,0,0,2,0,2,0,0,0,0,0,0,0,0,0,0,0,0,0,0,0,0,1,0,0,0,0,0,0,0,0,0,0,0,318.87300000000005,92.19400000000005,3,0,4,2,1,6.48,17,1,0,0,91.31770000000006,7.680000000000001
MON36,Imipramine,CN(C)CCCN1C2=CC=CC=C2CCC3=CC=CC=C31,C[NH+](C)CCCN1c2ccccc2CCc2ccccc21,4.39,0.47,3.92,1,0,0,0,0,0,0,0,0,0,0,0,0,0,0,2,0,0,0,0,0,0,0,0,2,2,0,2,0,2,0,0,0,0,0,0,0,0,0,0,0,0,0,0,0,0,2,0,0,0,0,0,0,0,0,0,0,0,280.415,90.46900000000008,2,0,4,2,1,6.48,19,0,0,0,89.59270000000005,7.680000000000001
MON41,Methotrexate,CN(CC1=CN=C2C(=N1)C(=NC(=N2)N)N)C3=CC=C(C=C3)C(=O)NC(CCC(=O)O)C(=O)O,CN(CC1=CN=C2C(=N1)C(=NC(=N2)N)N)C3=CC=C(C=C3)C(=O)NC(CCC(=O)O)C(=O)[O-],0.54,-0.92,1.46,-1,2,0,0,2,0,4,0,0,2,2,3,1,0,0,5,1,2,0,0,0,0,1,0,3,0,0,1,0,1,0,0,0,0,0,0,0,0,0,0,0,0,0,0,0,0,0,0,0,0,0,0,0,0,0,0,0,0,454.4470000000002,118.26160000000006,10,5,9,3,0,210.54,20,0,0,0,115.63280000000005,213.37
ZW11,Niflumic acid-1,C1=CC(=CC(=C1)NC2=C(C=CC=N2)C(=O)O)C(F)(F)F,O=C(O)c1ccc[nH+]c1Nc1cccc(C(F)(F)F)c1,3.88,2.48,1.4,1,0,0,0,0,1,1,0,0,1,1,1,0,0,0,1,1,0,0,0,0,0,0,0,2,0,0,1,0,0,0,0,0,0,0,0,0,0,0,0,0,0,0,0,0,0,0,0,0,0,0,0,1,0,0,0,0,0,282.22099999999995,65.923,3,2,3,2,0,62.22,13,0,3,0,64.6837,63.47
ZW10,Leucine-2,CC(C)CC(C(=O)O)N,CC(C)CC(C(=O)[O-])N,-1.55,-2.07,0.5199999999999998,-1,1,0,0,0,0,0,0,0,1,1,1,0,0,0,0,0,1,0,0,0,0,0,0,0,0,0,0,0,0,0,0,0,0,0,0,0,0,0,0,0,0,0,0,0,0,0,0,0,0,0,0,0,0,0,0,0,0,131.17499999999995,35.06619999999998,2,2,3,0,0,63.31999999999999,6,0,0,0,32.43739999999999,66.14999999999999
MON63,Quinine,COC1=CC2=C(C=CN=C2C=C1)C(C3CC4CCN3CC4C=C)O,C=CC1C[NH+]2CCC1CC2C(O)c1ccnc2ccc(OC)cc12,3.5,0.88,2.62,1,0,1,1,0,0,1,0,0,0,0,0,0,0,0,2,0,0,0,0,0,0,0,0,0,0,0,1,0,4,0,0,1,0,0,0,0,0,0,1,0,0,0,0,0,0,0,0,0,3,0,0,1,0,0,0,0,0,324.4240000000001,95.02680000000008,4,1,4,2,3,45.59,20,0,0,0,94.15050000000004,46.790000000000006
MON34,Hydroxyzine,C1CN(CCN1CCOCCO)C(C2=CC=CC=C2)C3=CC=C(C=C3)Cl,OCCOCC[NH+]1CCN(C(c2ccccc2)c2ccc(Cl)cc2)CC1 OCCOCC[NH+]1CC[NH+](C(c2ccccc2)c2ccc(Cl)cc2)CC1,3.55,0.99,2.56,1,0,1,1,0,0,0,0,0,0,0,0,0,0,0,2,0,0,0,0,0,0,0,0,0,0,0,2,0,0,0,0,1,0,0,0,0,0,0,0,0,0,0,0,0,0,0,0,0,0,1,0,0,0,0,0,0,2,374.912,105.65480000000004,4,1,8,2,1,35.94,21,1,0,0,104.77850000000004,37.14
ZW12,Niflumic acid-2,C1=CC(=CC(=C1)NC2=C(C=CC=N2)C(=O)O)C(F)(F)F,C1=CC(=CC(=C1)NC2=C(C=CC=N2)C(=O)[O-])C(F)(F)F,3.88,0.44,3.44,-1,0,0,0,0,1,1,0,0,1,1,1,0,0,0,1,1,0,0,0,0,0,0,0,2,0,0,1,0,0,0,0,0,0,0,0,0,0,0,0,0,0,0,0,0,0,0,0,0,0,0,0,1,0,0,0,0,0,282.22099999999995,65.923,3,2,3,2,0,62.22,13,0,3,0,63.2942,65.05
MON49,Papaverine,COC1=C(C=C(C=C1)CC2=NC=CC3=CC(=C(C=C32)OC)OC)OC,COc1ccc(Cc2[nH+]ccc3cc(OC)c(OC)cc23)cc1OC,2.95,-0.22,3.1700000000000004,1,0,0,0,0,0,1,0,0,0,0,0,0,0,0,1,0,0,0,0,0,0,0,0,0,0,0,2,0,1,0,0,4,0,0,0,0,0,0,4,0,0,0,0,0,0,0,0,0,0,0,0,1,0,0,0,0,0,339.39100000000013,97.19900000000008,5,0,6,3,0,49.81,20,0,0,0,95.95970000000004,51.06
ENV12065,"OCTANOIC ACID, SODIUM SALT",CCCCCCCC(=O)O,CCCCCCCC(=O)[O-],3.05,-1.38,4.43,-1,1,0,0,0,0,0,0,0,1,1,1,0,0,0,0,0,0,0,0,0,0,0,0,0,0,0,0,0,0,0,0,0,0,0,0,0,0,0,0,0,0,0,0,0,0,0,0,0,0,0,0,0,0,0,0,0,3,144.214,41.0118,1,1,6,0,0,37.3,8,0,0,0,38.383,40.13
MON21,Deprenyl,CC(CC1=CC=CC=C1)N(C)CC#C,C#CC[NH+](C)C(C)Cc1ccccc1,2.9,-0.95,3.85,1,0,0,0,0,0,0,0,0,0,0,0,0,0,0,1,0,0,1,0,0,0,0,0,0,0,0,1,0,0,0,0,0,0,0,0,0,0,0,0,0,0,0,0,0,0,0,0,0,0,0,0,0,0,0,1,0,0,187.286,61.07100000000004,1,0,4,1,0,3.24,13,0,0,0,60.19470000000004,4.44
ZW18,Piroxicam-2,CN1C(=C(C2=CC=CC=C2S1(=O)=O)O)C(=O)NC3=CC=CC=N3,CN1C(=C(C2=CC=CC=C2S1(=O)=O)[O-])C(=O)NC3=CC=CC=N3,1.98,-0.38,2.36,-1,0,1,1,0,0,1,0,0,0,0,1,1,0,0,2,1,0,1,0,0,0,1,0,1,0,0,1,0,1,0,0,0,0,0,0,0,0,0,0,0,0,0,0,0,0,0,0,0,0,0,0,1,0,1,0,0,0,331.353,83.80630000000004,5,2,2,2,1,99.6,15,0,0,0,81.17750000000002,102.43
ENV8300,Bispyribac-sodium,COc1cc(OC)nc(Oc2cccc(Oc3nc(OC)cc(OC)n3)c2C(=O)O)n1,COc1cc(OC)nc(Oc2cccc(Oc3nc(OC)cc(OC)n3)c2C(=O)[O-])n1,1.25,-1.03,2.28,-1,0,0,0,0,1,4,0,0,1,1,1,0,0,0,4,0,0,0,0,0,0,0,0,0,0,0,1,0,0,0,0,6,0,0,0,0,0,0,4,0,0,0,0,0,0,0,0,0,0,0,0,0,0,0,0,0,0,430.3730000000002,103.82130000000006,11,1,9,3,0,144.24,19,0,0,0,101.19250000000004,147.07
MON26,Ergonovine,CC(CO)NC(=O)C1CN(C2CC3=CNC4=CC=CC(=C34)C2=C1)C,CC(CO)NC(=O)C1C=C2c3cccc4[nH]cc(c34)CC2[NH+](C)C1,1.67,-0.51,2.18,1,0,1,1,0,0,1,1,0,0,0,1,1,0,0,1,2,0,1,0,1,0,1,0,0,0,0,1,0,2,0,0,0,0,0,0,0,0,0,0,0,0,0,0,0,0,0,0,0,0,0,0,0,0,0,0,0,0,325.4120000000001,94.57820000000004,3,3,3,2,2,68.36,19,0,0,0,93.70190000000004,69.56
MON40,Meloxicam,CC1=CN=C(S1)NC(=O)C2=C(C3=CC=CC=C3S(=O)(=O)N2C)O,Cc1c[nH+]c(NC(=O)C2=C(O)c3ccccc3S(=O)(=O)N2C)s1,3.43,-0.03,3.46,1,0,1,1,0,0,1,0,0,0,0,1,1,0,0,2,1,0,1,0,0,0,1,0,1,1,0,1,0,1,0,0,0,0,0,0,0,0,0,0,0,0,0,0,0,0,0,0,0,0,0,0,0,0,1,0,1,0,351.4090000000001,86.42030000000004,6,2,2,2,1,99.6,14,0,0,0,85.18100000000003,100.84999999999998
MON64,Rifabutine,CC1C=CC=C(C(=O)N=C2C(=C3C(=C4C2=NC5(N4)CCN(CC5)CC(C)C)C6=C(C(=C3O)C)OC(C6=O)(OC=CC(C(C(C(C(C(C1O)C)O)C)OC(=O)C)C)OC)C)O)C,COC1/C=C\OC2(C)Oc3c(C)c(O)c4c(O)/c(c5c(c4c3C2=O)NC2(CC[NH+](CC(C)C)CC2)N=5)=N\C(=O)/C(C)=C\C=C/C(C)C(O)C(C)C(O)C(C)C(OC(C)=O)C1C,4.55,2.8,1.75,1,0,2,2,0,0,0,0,2,0,0,3,3,0,0,3,1,0,0,1,0,2,1,0,1,0,0,2,0,4,0,1,4,0,0,1,1,0,0,1,0,0,0,0,0,0,0,2,2,1,0,0,0,0,0,0,0,0,847.0190000000005,227.70539999999937,14,5,4,2,4,209.04,46,0,0,0,226.82909999999936,210.23999999999995
MON5,5-Phenylvaleric acid,C1=CC=C(C=C1)CCCCC(=O)O,C1=CC=C(C=C1)CCCCC(=O)[O-],2.92,-0.95,3.87,-1,1,0,0,0,0,0,0,0,1,1,1,0,0,0,0,0,0,0,0,0,0,0,0,0,1,0,1,0,0,0,0,0,0,0,0,0,0,0,0,0,0,0,0,0,0,0,0,0,0,0,0,0,0,0,0,0,1,178.23099999999997,51.63280000000003,1,1,5,1,0,37.3,11,0,0,0,49.00400000000003,40.13
ZW4,Ampicillin-2,CC1(C(N2C(S1)C(C2=O)NC(=O)C(C3=CC=CC=C3)N)C(=O)O)C,CC1(C(N2C(S1)C(C2=O)NC(=O)C(C3=CC=CC=C3)N)C(=O)[O-])C,-2.17,-1.31,-0.8599999999999999,-1,1,0,0,0,0,0,0,0,1,1,3,2,0,0,1,1,1,0,0,0,0,2,0,0,0,0,1,0,1,0,0,0,0,0,0,0,1,0,0,0,0,0,0,0,0,0,0,0,0,0,0,0,1,0,0,0,0,349.4120000000001,89.02890000000005,5,3,4,1,2,112.73,16,0,0,0,86.40010000000004,115.56
MON11,Amlodipine,CCOC(=O)C1=C(NC(=C(C1C2=CC=CC=C2Cl)C(=O)OC)C)COCCN,CCOC(=O)C1=C(COCC[NH3+])NC(C)=C(C(=O)OC)C1c1ccccc1Cl,3.74,1.09,2.6500000000000004,1,0,0,0,0,0,0,0,0,0,0,2,2,0,0,0,1,1,0,0,0,1,0,0,0,0,0,1,0,0,1,2,3,0,0,0,0,0,0,1,0,0,0,0,0,0,0,0,0,0,0,0,0,0,0,0,0,1,408.8820000000004,105.57710000000004,7,2,8,1,1,99.88,20,1,0,0,104.27780000000004,101.5
ENV74,SODIUM SALICYLATE,O=C(O)c1ccccc1O,O=C([O-])c1ccccc1O,2.26,-1.43,3.69,-1,0,0,0,0,1,0,0,1,1,1,1,0,0,0,0,0,0,0,0,0,0,0,0,0,0,0,1,0,0,0,0,0,0,0,0,0,0,0,0,0,0,0,0,0,0,1,1,0,0,0,0,0,0,0,0,0,0,138.122,35.066100000000006,2,2,1,1,0,57.53,7,0,0,0,32.43729999999999,60.36
ZW20,Terbutaline-2,CC(C)(C)NCC(C1=CC(=CC(=C1)O)O)O,CC(C)(C)NCC(C1=CC(=CC(=C1)O)[O-])O,-0.08,-2.05,1.97,-1,0,1,1,0,0,0,0,2,0,0,0,0,1,0,0,1,0,0,0,0,0,0,0,0,0,0,1,0,0,0,0,0,0,0,0,0,0,0,0,0,0,0,0,0,0,0,2,2,0,0,0,0,0,0,0,0,0,225.288,62.48710000000004,4,4,3,1,0,72.72,12,0,0,0,60.26830000000004,75.55
MON52,Phenazopyridine,C1=CC=C(C=C1)N=NC2=C(N=C(C=C2)N)N,Nc1ccc(N=Nc2ccccc2)c(N)[nH+]1,3.31,1.41,1.9,1,0,0,0,2,0,1,0,0,0,0,0,0,0,0,3,0,2,0,0,0,0,0,0,2,0,1,1,0,0,0,0,0,0,0,0,0,0,0,0,0,0,0,0,0,0,0,0,0,0,0,0,1,0,0,0,0,0,213.244,63.67980000000001,5,2,2,2,0,89.64999999999999,11,0,0,0,62.440500000000014,90.9
ZW25,Tryptophan-1,C1=CC=C2C(=C1)C(=CN2)CC(C(=O)O)N,[NH3+]C(Cc1c[nH]c2ccccc12)C(=O)O,-0.77,-0.55,-0.2199999999999999,1,1,0,0,0,0,1,1,0,1,1,1,0,0,0,0,1,1,0,0,1,0,0,0,0,0,0,1,0,1,0,0,0,0,0,0,0,0,0,0,0,0,0,0,0,0,1,0,0,0,0,0,0,0,0,0,0,0,204.229,57.613900000000015,2,3,3,2,0,79.11,11,0,0,0,56.314600000000006,80.73
MON62,Pyridoxine,CC1=NC=C(C(=C1O)CO)CO,Cc1[nH+]cc(CO)c(CO)c1O,-0.5,-1.33,0.8300000000000001,1,0,2,2,0,0,1,0,1,0,0,0,0,0,0,1,0,0,0,0,0,0,0,0,0,1,0,0,0,0,0,0,0,0,0,0,0,0,0,0,0,0,0,0,0,0,0,0,0,0,0,0,1,0,0,0,0,0,169.17999999999998,42.484400000000015,4,3,2,1,0,73.58000000000001,8,0,0,0,41.245100000000015,74.83000000000001
MON6,6-Acetylmorphine,CC(=O)OC1C=CC2C3CC4=C5C2(C1OC5=C(C=C4)O)CCN3C,CC(=O)OC1C=CC2C3Cc4ccc(O)c5c4C2(CC[NH+]3C)C1O5,1.55,-0.42,1.97,1,0,0,0,0,0,0,0,1,0,0,1,1,0,0,1,0,0,1,1,0,0,0,0,0,0,0,1,0,0,0,1,2,0,0,0,0,0,0,0,0,0,0,0,0,0,0,1,1,1,0,0,0,0,0,0,0,0,327.38000000000005,87.12380000000005,5,1,1,1,4,59.00000000000001,19,0,0,0,86.24750000000004,60.2
ENV7561,Venlafaxine hydrochloride,COc1ccc(C(CN(C)C)C2(O)CCCCC2)cc1,COc1ccc(C(C[NH+](C)C)C2(O)CCCCC2)cc1,3.2,0.43,2.77,1,0,1,0,0,0,0,0,0,0,0,0,0,0,0,1,0,0,1,0,0,0,0,0,0,0,0,1,0,0,0,0,1,0,0,0,0,0,0,1,0,0,0,0,0,0,0,0,0,0,0,0,0,0,0,0,0,0,277.4079999999999,82.32380000000005,3,1,5,1,1,32.7,17,0,0,0,81.44750000000005,33.900000000000006
MON37,Indomethacin,CC1=C(C2=C(N1C(=O)C3=CC=C(C=C3)Cl)C=CC(=C2)OC)CC(=O)O,CC1=C(C2=C(N1C(=O)C3=CC=C(C=C3)Cl)C=CC(=C2)OC)CC(=O)[O-],3.51,-2.0,5.51,-1,1,0,0,0,0,1,0,0,1,1,2,1,0,0,1,0,0,0,0,0,0,0,0,0,0,0,2,0,1,0,0,1,0,0,0,0,0,0,1,0,0,0,0,0,0,0,0,0,0,0,0,0,0,0,0,0,0,357.7930000000002,95.74730000000004,4,1,4,3,0,68.53,19,1,0,0,93.11850000000004,71.36
MON8,Alprenolol,CC(C)NCC(COC1=CC=CC=C1CC=C)O,C=CCc1ccccc1OCC(O)C[NH2+]C(C)C,2.99,0.21,2.78,1,0,1,1,0,0,0,0,0,0,0,0,0,0,0,0,1,0,0,0,0,1,0,0,0,0,0,1,0,0,0,0,1,0,0,0,0,0,0,0,0,0,0,0,0,0,1,0,0,0,0,0,0,0,0,0,0,0,249.354,74.98350000000003,3,2,8,1,0,41.49,15,0,0,0,73.77320000000005,46.07
ZW1,Amoxicillin-1,CC1(C(N2C(S1)C(C2=O)NC(=O)C(C3=CC=C(C=C3)O)N)C(=O)O)C,CC1(C)SC2C(NC(=O)C([NH3+])c3ccc(O)cc3)C(=O)N2C1C(=O)O,-1.71,-1.22,-0.49,1,1,0,0,0,0,0,0,1,1,1,3,2,0,0,1,1,1,0,0,0,0,2,0,0,0,0,1,0,1,0,0,0,0,0,0,0,1,0,0,0,0,0,0,0,0,0,1,1,0,0,0,0,1,0,0,0,0,365.4110000000001,90.69370000000004,6,4,4,1,2,132.95999999999998,16,0,0,0,89.39440000000003,134.57999999999998
ENV1262,"BUTANOIC ACID, SODIUM SALT",CCCC(=O)O,CCCC(=O)[O-],0.79,-3.2,3.99,-1,1,0,0,0,0,0,0,0,1,1,1,0,0,0,0,0,0,0,0,0,0,0,0,0,0,0,0,0,0,0,0,0,0,0,0,0,0,0,0,0,0,0,0,0,0,0,0,0,0,0,0,0,0,0,0,0,0,88.10599999999998,22.5438,1,1,2,0,0,37.3,4,0,0,0,19.915,40.13
ZW3,Ampicillin-1,CC1(C(N2C(S1)C(C2=O)NC(=O)C(C3=CC=CC=C3)N)C(=O)O)C,CC1(C)SC2C(NC(=O)C([NH3+])c3ccccc3)C(=O)N2C1C(=O)O,-2.17,-1.15,-1.02,1,1,0,0,0,0,0,0,0,1,1,3,2,0,0,1,1,1,0,0,0,0,2,0,0,0,0,1,0,1,0,0,0,0,0,0,0,1,0,0,0,0,0,0,0,0,0,0,0,0,0,0,0,1,0,0,0,0,349.4120000000001,89.02890000000005,5,3,4,1,2,112.73,16,0,0,0,87.72960000000005,114.35
ZW2,Amoxicillin-2,CC1(C(N2C(S1)C(C2=O)NC(=O)C(C3=CC=C(C=C3)O)N)C(=O)O)C,CC1(C(N2C(S1)C(C2=O)NC(=O)C(C3=CC=C(C=C3)O)N)C(=O)[O-])C,-1.71,-1.56,-0.1499999999999999,-1,1,0,0,0,0,0,0,1,1,1,3,2,0,0,1,1,1,0,0,0,0,2,0,0,0,0,1,0,1,0,0,0,0,0,0,0,1,0,0,0,0,0,0,0,0,0,1,1,0,0,0,0,1,0,0,0,0,365.4110000000001,90.69370000000004,6,4,4,1,2,132.95999999999998,16,0,0,0,88.06490000000002,135.79
ENV67,PROMAZINE HYDROCHLORIDE,CN(C)CCCN1c2ccccc2Sc2ccccc21,C[NH+](C)CCCN1c2ccccc2Sc2ccccc21,4.55,2.94,1.61,1,0,0,0,0,0,0,0,0,0,0,0,0,0,0,2,0,0,0,0,0,0,0,0,2,0,0,2,0,2,0,0,0,0,0,0,0,0,0,0,0,0,0,0,0,0,2,0,0,0,0,0,0,0,0,0,0,0,284.42800000000005,87.18400000000005,3,0,4,2,1,6.48,17,0,0,0,86.30770000000005,7.680000000000001
MON22,Desipramine,CNCCCN1C2=CC=CC=C2CCC3=CC=CC=C31,C[NH2+]CCCN1c2ccccc2CCc2ccccc21,3.79,0.34,3.45,1,0,0,0,0,0,0,0,0,0,0,0,0,0,0,1,1,0,0,0,0,0,0,0,2,2,0,2,0,2,0,0,0,0,0,0,0,0,0,0,0,0,0,0,0,0,2,0,0,0,0,0,0,0,0,0,0,1,266.388,85.84170000000005,2,1,4,2,1,15.27,18,0,0,0,84.63140000000006,19.85
MON19,Ciprofloxacin,C1CC1N2C=C(C(=O)C3=CC(=C(C=C32)N4CCNCC4)F)C(=O)O,[NH2+]=C(N)N1CCc2ccccc2C1,-1.08,-1.69,0.6099999999999999,1,0,0,0,0,1,1,0,0,1,1,1,0,0,0,2,1,0,0,0,0,0,0,0,1,0,0,1,0,1,0,0,0,0,0,0,0,0,0,0,0,0,0,0,0,0,0,0,0,0,1,0,1,0,0,0,0,0,331.34700000000004,88.47900000000006,5,2,3,2,2,74.57000000000001,17,0,1,0,51.67580000000002,54.85
ZW19,Terbutaline-1,CC(C)(C)NCC(C1=CC(=CC(=C1)O)O)O,CC(C)(C)[NH2+]CC(O)c1cc(O)cc(O)c1,-0.08,-1.97,1.89,1,0,1,1,0,0,0,0,2,0,0,0,0,1,0,0,1,0,0,0,0,0,0,0,0,0,0,1,0,0,0,0,0,0,0,0,0,0,0,0,0,0,0,0,0,0,0,2,2,0,0,0,0,0,0,0,0,0,225.288,62.48710000000004,4,4,3,1,0,72.72,12,0,0,0,61.27680000000004,77.30000000000001
ZW6,Doxycycline-2,CC1C2C(C3C(C(=O)C(=C(C3(C(=O)C2=C(C4=C1C=CC=C4O)O)O)O)C(=O)N)N(C)C)O,CC1C2C(C3C(C(=O)C(=C(C3(C(=O)C2=C(C4=C1C=CC=C4O)O)O)[O-])C(=O)N)N(C)C)O,0.42,-0.34,0.76,-1,0,4,3,0,0,0,0,1,0,0,3,3,0,0,1,0,1,1,0,0,0,1,0,0,0,0,1,0,3,0,0,0,0,0,2,2,0,0,0,0,0,0,0,0,0,0,1,1,0,0,1,0,0,0,0,0,0,444.4400000000001,110.34540000000008,9,6,2,1,3,181.62000000000003,22,0,0,0,107.71660000000006,184.45
MON45,Naproxen,CC(C1=CC2=C(C=C1)C=C(C=C2)OC)C(=O)O,CC(C1=CC2=C(C=C1)C=C(C=C2)OC)C(=O)[O-],3.24,-0.22,3.4600000000000004,-1,1,0,0,0,0,0,0,0,1,1,1,0,0,0,0,0,0,0,0,0,0,0,0,0,0,0,2,0,1,0,0,1,0,0,0,0,0,0,1,0,0,0,0,0,0,0,0,0,0,0,0,0,0,0,0,0,0,230.263,66.55080000000004,2,1,3,2,0,46.53,14,0,0,0,63.92200000000003,49.36
MON69,Tamoxifen,CCC(=C(C1=CC=CC=C1)C2=CC=C(C=C2)OCCN(C)C)C3=CC=CC=C3,CCC(=C(c1ccccc1)c1ccc(OCC[NH+](C)C)cc1)c1ccccc1,5.26,-2.96,8.219999999999999,1,0,0,0,0,0,0,0,0,0,0,0,0,0,0,1,0,0,1,0,0,1,0,0,0,0,0,3,0,0,0,0,1,0,0,0,0,0,0,0,0,0,0,0,0,0,0,0,0,0,0,0,0,0,0,0,0,0,371.52400000000006,119.58200000000004,2,0,8,3,0,12.47,26,0,0,0,118.70570000000004,13.670000000000002
MON57,Probenecid,CCCN(CCC)S(=O)(=O)C1=CC=C(C=C1)C(=O)O,CCCN(CCC)S(=O)(=O)C1=CC=C(C=C1)C(=O)[O-],3.7,-0.52,4.220000000000001,-1,0,0,0,0,1,0,0,0,1,1,1,0,0,0,1,0,0,0,0,0,0,0,0,0,0,0,1,0,0,0,0,0,0,0,0,0,0,0,0,0,0,0,0,0,0,0,0,0,0,0,0,0,0,1,0,0,0,285.365,72.74210000000005,3,1,7,1,0,74.68,13,0,0,0,70.11330000000004,77.51
MON42,Metipranolol,CC1=CC(=C(C(=C1OC(=O)C)C)C)OCC(CNC(C)C)O,CC(=O)Oc1c(C)cc(OCC(O)C[NH2+]C(C)C)c(C)c1C,2.81,-0.26,3.0700000000000003,1,0,1,1,0,0,0,0,0,0,0,1,1,0,0,0,1,0,0,0,0,0,0,0,0,1,0,1,0,0,0,1,2,0,0,0,0,0,0,0,0,0,0,0,0,0,0,0,0,0,0,0,0,0,0,0,0,0,309.406,86.60250000000005,5,2,7,1,0,67.79,17,0,0,0,85.39220000000005,72.37
MON17,Carvedilol,COC1=CC=CC=C1OCCNCC(COC2=CC=CC3=C2C4=CC=CC=C4N3)O,COc1ccccc1OCC[NH2+]CC(O)COc1cccc2[nH]c3ccccc3c12,4.14,1.95,2.1899999999999995,1,0,1,1,0,0,1,1,0,0,0,0,0,0,0,0,2,0,0,0,1,0,0,0,0,0,0,3,0,3,0,0,3,0,0,0,0,0,0,1,0,0,0,0,0,0,3,0,0,0,0,0,0,0,0,0,0,2,406.482,118.66520000000004,5,3,10,4,0,75.74,24,0,0,0,117.45490000000004,80.32
MON46,Nortriptyline,CNCCC=C1C2=CC=CC=C2CCC3=CC=CC=C31,C[NH2+]CCC=C1c2ccccc2CCc2ccccc21,4.39,1.17,3.22,1,0,0,0,0,0,0,0,0,0,0,0,0,0,0,0,1,0,0,0,0,0,0,0,0,2,0,2,0,2,0,0,0,0,0,0,0,0,0,0,0,0,0,0,0,0,0,0,0,0,0,0,0,0,0,0,0,1,263.384,85.91470000000005,1,1,3,2,1,12.03,19,0,0,0,84.70440000000005,16.61
MON32,Haloperidol,C1CN(CCC1(C2=CC=C(C=C2)Cl)O)CCCC(=O)C3=CC=C(C=C3)F,O=C(CCC[NH+]1CCC(O)(c2ccc(Cl)cc2)CC1)c1ccc(F)cc1,3.67,1.32,2.35,1,0,1,0,0,0,0,0,0,0,0,1,1,0,0,1,0,0,0,1,0,0,0,0,0,0,0,2,0,0,0,0,0,0,0,1,1,0,0,0,0,0,0,0,0,0,0,0,0,1,0,0,0,0,0,0,0,0,375.871,100.98730000000003,3,1,6,2,1,40.54,21,1,1,0,100.11100000000005,41.74
ZW9,Leucine-1,CC(C)CC(C(=O)O)N,CC(C)CC([NH3+])C(=O)O,-1.55,-1.58,0.03,1,1,0,0,0,0,0,0,0,1,1,1,0,0,0,0,0,1,0,0,0,0,0,0,0,0,0,0,0,0,0,0,0,0,0,0,0,0,0,0,0,0,0,0,0,0,0,0,0,0,0,0,0,0,0,0,0,0,131.17499999999995,35.06619999999998,2,2,3,0,0,63.31999999999999,6,0,0,0,33.76689999999999,64.94
ENV7052,"2-PYRIDINEBUTANAMINE, MONOHYDROCHLORIDE",NCCCCc1ccccn1,[NH3+]CCCCc1ccccn1,0.86,-1.6,2.46,1,0,0,0,0,0,1,0,0,0,0,0,0,0,0,1,0,1,0,0,0,0,0,0,0,1,0,0,0,0,0,0,0,0,0,0,0,0,0,0,0,0,0,0,0,0,0,0,0,0,0,0,1,0,0,0,0,1,150.225,46.22940000000003,2,1,4,1,0,38.91,9,0,0,0,44.93010000000003,40.53
MON14,Bisoprolol,CC(C)NCC(COC1=CC=C(C=C1)COCCOC(C)C)O,CC(C)[NH2+]CC(O)COc1ccc(COCCOC(C)C)cc1,2.15,-1.22,3.37,1,0,1,1,0,0,0,0,0,0,0,0,0,0,0,0,1,0,0,0,0,0,0,0,0,0,0,1,0,0,0,0,3,0,0,0,0,0,0,0,0,0,0,0,0,0,0,0,0,0,0,0,0,0,0,0,0,2,325.449,91.82650000000004,5,2,12,1,0,59.95,18,0,0,0,90.61620000000006,64.53000000000002
MON29,Famotidine,C1=C(N=C(S1)N=C(N)N)CSCCC(=NS(=O)(=O)N)N,[NH2+]=C(N)Nc1nc(CSCCC(N)=NS(N)(=O)=O)cs1,-0.81,-0.54,-0.27,1,0,0,0,0,0,1,0,0,0,0,0,0,0,1,3,0,4,0,0,0,0,0,1,0,0,0,0,0,0,0,0,0,0,1,0,0,0,0,0,0,0,0,0,0,0,0,0,0,0,0,0,0,1,0,0,1,1,337.4560000000001,83.0924,6,4,7,1,0,175.83,8,0,0,0,82.3651,175.07
MON47,Ofloxacin,CC1COC2=C3N1C=C(C(=O)C3=CC(=C2N4CCN(CC4)C)F)C(=O)O,CC1COC2=C3N1C=C(C(=O)C3=CC(=C2N4CCN(CC4)C)F)C(=O)[O-],-0.41,-0.84,0.43,-1,0,0,0,0,1,1,0,0,1,1,1,0,0,0,3,0,0,1,0,0,0,0,0,1,0,0,1,0,0,0,0,1,0,0,0,0,0,0,0,0,0,0,0,0,0,0,0,0,0,1,0,1,0,0,0,0,0,361.3730000000001,95.04130000000006,6,1,2,2,2,75.01,18,0,1,0,92.41250000000004,77.84
MON61,Prostaglandin E2,CCCCCC(C=CC1C(CC(=O)C1CC=CCCCC(=O)O)O)O,CCCCCC(C=CC1C(CC(=O)C1CC=CCCCC(=O)[O-])O)O,2.9,-0.54,3.44,-1,1,2,2,0,0,0,0,0,1,1,2,1,0,0,0,0,0,0,0,0,2,0,0,0,0,0,0,0,0,0,0,0,0,0,1,1,0,0,0,0,0,0,0,0,0,0,0,0,0,0,0,0,0,0,0,0,2,352.47100000000006,97.14340000000004,4,3,12,0,1,94.83,20,0,0,0,94.51460000000004,97.66
MON72,Timolol,CC(C)(C)NCC(COC1=NSN=C1N2CCOCC2)O,CC(C)(C)[NH2+]CC(O)COc1nsnc1N1CCOCC1,2.12,-0.94,3.06,1,0,1,1,0,0,2,0,0,0,0,0,0,1,0,3,1,0,0,0,0,0,0,0,1,0,0,0,0,0,0,0,2,0,0,0,0,0,0,0,1,0,0,0,0,0,0,0,0,0,0,0,0,0,0,0,0,0,316.4270000000001,82.19850000000004,8,2,6,1,1,79.74000000000001,13,0,0,0,80.98820000000005,84.32000000000001
MON15,Buprenorphine,CC(C)(C)C(C)(C1CC23CCC1(C4C25CCN(C3CC6=C5C(=C(C=C6)O)O4)CC7CC7)OC)O,COC12CCC3(CC1C(C)(O)C(C)(C)C)C1Cc4ccc(O)c5c4C3(CC[NH+]1CC1CC1)C2O5,4.82,0.09,4.73,1,0,1,0,0,0,0,0,1,0,0,0,0,0,0,1,0,0,0,1,0,0,0,0,0,0,0,1,0,2,0,0,2,0,0,0,0,0,0,1,0,0,0,0,0,0,0,1,1,1,0,0,0,0,0,0,0,0,467.65000000000026,130.1996000000001,5,2,4,1,7,62.16000000000001,29,0,0,0,129.32330000000005,63.36
ENV4151,"2-NAPHTHALENECARBOXYLIC ACID,3-HYDROXY-,MONOSODI",O=C(O)c1cc2ccccc2cc1O,O=C([O-])c1cc2ccccc2cc1O,3.05,0.17,2.88,-1,0,0,0,0,1,0,0,1,1,1,1,0,0,0,0,0,0,0,0,0,0,0,0,0,0,0,2,0,1,0,0,0,0,0,0,0,0,0,0,0,0,0,0,0,0,0,1,0,0,0,0,0,0,0,0,0,0,188.182,52.57210000000003,2,2,1,2,0,57.53,11,0,0,0,49.94330000000002,60.36
ENV11977,Sodium Chlorambucil,O=C(O)CCCc1ccc(N(CCCl)CCCl)cc1,O=C([O-])CCCc1ccc(N(CCCl)CCCl)cc1,1.7,0.93,0.7699999999999999,-1,1,0,0,0,0,0,0,0,1,1,1,0,0,0,1,0,0,0,0,0,0,0,0,1,1,0,1,0,0,0,0,0,0,0,0,0,0,0,0,0,0,0,0,0,0,0,0,0,0,0,0,0,0,0,0,0,0,304.217,80.66880000000005,2,1,9,1,0,40.54,14,2,0,0,78.04000000000005,43.37
MON66,Serotonin,C1=CC2=C(C=C1O)C(=CN2)CCN,[NH3+]CCc1c[nH]c2ccc(O)cc12,0.53,-1.66,2.19,1,0,0,0,0,0,1,1,1,0,0,0,0,0,0,0,1,1,0,0,1,0,0,0,0,0,0,1,0,1,0,0,0,0,0,0,0,0,0,0,0,0,0,0,0,0,0,1,1,0,0,0,0,0,0,0,0,0,176.21899999999994,52.72190000000002,2,3,2,2,0,62.03999999999999,10,0,0,0,51.42260000000001,63.66
MON13,Azithromycin,CCC1C(C(C(N(CC(CC(C(C(C(C(C(=O)O1)C)OC2CC(C(C(O2)C)O)(C)OC)C)OC3C(C(CC(O3)C)N(C)C)O)(C)O)C)C)C)O)(C)O,CCC1OC(=O)C(C)C(OC2CC(C)(OC)C(O)C(C)O2)C(C)C(OC2OC(C)CC(N(C)C)C2O)C(C)(O)CC(C)C[NH+](C)C(C)C(O)C1(C)O,2.87,0.23,2.64,1,0,5,3,0,0,0,0,0,0,0,1,1,0,0,2,0,0,2,0,0,0,0,0,0,0,0,0,0,0,0,1,6,0,0,0,0,0,1,1,0,0,0,0,0,0,0,0,0,0,0,0,0,0,0,0,0,0,748.9960000000002,194.1789999999994,14,5,7,0,3,180.07999999999998,38,0,0,0,193.30269999999945,181.28
MON20,Debrisoquine,C1CN(CC2=CC=CC=C21)C(=N)N,N=[C+](N)N1CCc2ccccc2C1,0.85,-0.87,1.72,1,0,0,0,0,0,0,0,0,0,0,0,0,0,0,1,1,1,0,0,0,0,0,0,0,0,0,1,0,1,0,0,0,0,1,0,0,0,0,0,0,0,0,0,0,0,0,0,0,0,0,0,0,0,0,0,0,0,175.23499999999996,52.470100000000016,1,2,0,1,1,53.11,10,0,0,0,52.47010000000002,53.11000000000001
MON3,4-Aminobenzoic acid,C1=CC(=CC=C1C(=O)O)N,[NH3+]c1ccc(C(=O)O)cc1,0.86,-0.4,1.26,1,0,0,0,1,1,0,0,0,1,1,1,0,0,0,0,0,1,0,0,0,0,0,0,1,0,0,1,0,0,0,0,0,0,0,0,0,0,0,0,0,0,0,0,0,0,0,0,0,0,0,0,0,0,0,0,0,0,137.13799999999995,37.81369999999999,2,2,1,1,0,63.31999999999999,7,0,0,0,35.94940000000001,64.94
MON4,4-Phenylbutylamine,C1=CC=C(C=C1)CCCCN,[NH3+]CCCCc1ccccc1,2.39,-0.45,2.8400000000000003,1,0,0,0,0,0,0,0,0,0,0,0,0,0,0,0,0,1,0,0,0,0,0,0,0,1,0,1,0,0,0,0,0,0,0,0,0,0,0,0,0,0,0,0,0,0,0,0,0,0,0,0,0,0,0,0,0,1,149.23699999999997,48.434400000000025,1,1,4,1,0,26.02,10,0,0,0,47.13510000000004,27.64
ZW8,Enalaprilat-2,CC(C(=O)N1CCCC1C(=O)O)NC(CCC2=CC=CC=C2)C(=O)O,CC(C(=O)N1CCCC1C(=O)[O-])[NH2+]C(CCC2=CC=CC=C2)C(=O)[O-],-0.13,-1.07,0.94,-1,2,0,0,0,0,0,0,0,2,2,3,1,0,0,1,1,0,0,1,0,0,1,0,0,1,0,1,0,0,0,0,0,0,0,0,0,0,0,0,0,0,0,0,0,0,0,0,0,0,0,0,0,0,0,0,0,0,348.39900000000006,91.15530000000008,4,3,8,1,1,106.94,18,0,0,0,84.68740000000004,117.18
MON76,Warfarin,CC(=O)CC(C1=CC=CC=C1)C2=C(C3=CC=CC=C3OC2=O)O,CC(=O)CC(C1=CC=CC=C1)C2=C(C3=CC=CC=C3OC2=O)[O-],3.54,0.04,3.5,-1,0,0,0,0,0,0,0,1,0,0,1,1,0,0,0,0,0,0,0,0,0,0,0,0,0,0,2,0,1,0,0,0,0,0,1,1,0,0,0,0,0,0,0,0,0,1,0,0,0,0,0,0,0,0,0,0,0,308.333,87.73180000000006,4,1,4,3,0,67.51,19,0,0,0,85.51300000000006,70.34
MON1,"2,4-Dichlorophenoxyacetic acid",C1=CC(=C(C=C1Cl)Cl)OCC(=O)O,C1=CC(=C(C=C1Cl)Cl)OCC(=O)[O-],2.78,-0.87,3.65,-1,1,0,0,0,0,0,0,0,1,1,1,0,0,0,0,0,0,0,0,0,0,0,0,0,0,0,1,0,0,0,0,1,0,0,0,0,0,0,0,0,0,0,0,0,0,0,0,0,0,0,0,0,0,0,0,0,0,221.039,49.59280000000001,2,1,3,1,0,46.53,8,2,0,0,46.96400000000001,49.36
MON12,Atropine,CN1C2CCC1CC(C2)OC(=O)C(CO)C3=CC=CC=C3,C[NH+]1C2CCC1CC(OC(=O)C(CO)c1ccccc1)C2,1.89,-1.99,3.88,1,0,1,1,0,0,0,0,0,0,0,1,1,0,0,1,0,0,0,0,0,0,0,0,0,0,0,1,0,2,0,1,1,0,0,0,0,0,0,0,0,0,0,0,0,0,0,0,0,1,0,0,0,0,0,0,0,0,289.375,79.95580000000005,4,1,4,1,2,49.77,17,0,0,0,79.07950000000004,50.97
MON68,Sulfasalazine,C1=CC=NC(=C1)NS(=O)(=O)C2=CC=C(C=C2)N=NC3=CC(=C(C=C3)O)C(=O)O,C1=CC=NC(=C1)NS(=O)(=O)C2=CC=C(C=C2)N=NC3=CC(=C(C=C3)O)C(=O)[O-],3.61,0.14,3.47,-1,0,0,0,0,1,1,0,1,1,1,1,0,0,0,3,1,0,0,0,0,0,0,0,1,0,1,2,0,0,0,0,0,0,0,0,0,0,0,0,0,0,0,0,0,0,0,1,0,0,0,0,1,0,1,0,0,0,398.40000000000015,100.72960000000003,7,3,6,3,0,141.31,18,0,0,0,98.10080000000002,144.14
ZW24,Trp-Trp-2,C1=CC=C2C(=C1)C(=CN2)CC(C(=O)NC(CC3=CNC4=CC=CC=C43)C(=O)O)N,C1=CC=C2C(=C1)C(=CN2)CC(C(=O)NC(CC3=CNC4=CC=CC=C43)C(=O)[O-])N,-0.1,-0.99,0.89,-1,1,0,0,0,0,2,2,0,1,1,2,1,0,0,0,3,1,0,0,2,0,1,0,0,0,0,2,0,2,0,0,0,0,0,0,0,0,0,0,0,0,0,0,0,0,2,0,0,0,0,0,0,0,0,0,0,0,390.4430000000001,111.54730000000004,3,5,7,4,0,124.0,22,0,0,0,108.91850000000002,126.83
MON35,Ibuprofen,CC(C)CC1=CC=C(C=C1)C(C)C(=O)O,CC(C)CC1=CC=C(C=C1)C(C)C(=O)[O-],4.13,-0.15,4.28,-1,1,0,0,0,0,0,0,0,1,1,1,0,0,0,0,0,0,0,0,0,0,0,0,0,0,0,1,0,0,0,0,0,0,0,0,0,0,0,0,0,0,0,0,0,0,0,0,0,0,0,0,0,0,0,0,0,0,206.285,61.03480000000004,1,1,4,1,0,37.3,13,0,0,0,58.40600000000004,40.13
MON38,Ketoprofen,CC(C1=CC(=CC=C1)C(=O)C2=CC=CC=C2)C(=O)O,CC(C1=CC(=CC=C1)C(=O)C2=CC=CC=C2)C(=O)[O-],3.16,-0.95,4.11,-1,1,0,0,0,0,0,0,0,1,1,2,1,0,0,0,0,0,0,0,0,0,0,0,0,0,0,2,0,0,0,0,0,0,0,1,0,0,0,0,0,0,0,0,0,0,0,0,0,0,0,0,0,0,0,0,0,0,254.285,72.36730000000004,2,1,4,2,0,54.370000000000005,16,0,0,0,69.73850000000003,57.2
ZW22,Trp-Phe-2,C1=CC=C(C=C1)CC(C(=O)O)NC(=O)C(CC2=CNC3=CC=CC=C32)N,C1=CC=C(C=C1)CC(C(=O)[O-])NC(=O)C(CC2=CNC3=CC=CC=C32)N,-0.28,-2.44,2.16,-1,1,0,0,0,0,1,1,0,1,1,2,1,0,0,0,2,1,0,0,1,0,1,0,0,0,0,2,0,1,0,0,0,0,0,0,0,0,0,0,0,0,0,0,0,0,1,0,0,0,0,0,0,0,0,0,0,0,351.40600000000006,99.69060000000005,3,4,7,3,0,108.21,20,0,0,0,97.06180000000002,111.03999999999998
MON51,p-F-Deprenyl,CC(CC1=CC=C(C=C1)F)N(C)CC#C,C#CC[NH+](C)C(C)Cc1ccc(F)cc1,3.06,-0.58,3.64,1,0,0,0,0,0,0,0,0,0,0,0,0,0,0,1,0,0,1,0,0,0,0,0,0,0,0,1,0,0,0,0,0,0,0,0,0,0,0,0,0,0,0,0,0,0,0,0,0,0,0,0,0,0,0,1,0,0,205.27599999999995,61.02900000000004,1,0,4,1,0,3.24,13,0,1,0,60.15270000000003,4.44
ZW26,Tryptophan-2,C1=CC=C2C(=C1)C(=CN2)CC(C(=O)O)N,C1=CC=C2C(=C1)C(=CN2)CC(C(=O)[O-])N,-0.77,-1.57,0.8,-1,1,0,0,0,0,1,1,0,1,1,1,0,0,0,0,1,1,0,0,1,0,0,0,0,0,0,1,0,1,0,0,0,0,0,0,0,0,0,0,0,0,0,0,0,0,1,0,0,0,0,0,0,0,0,0,0,0,204.229,57.613900000000015,2,3,3,2,0,79.11,11,0,0,0,54.98510000000002,81.94
MON74,Trovafloxacin,C1C2C(C2N)CN1C3=C(C=C4C(=O)C(=CN(C4=N3)C5=C(C=C(C=C5)F)F)C(=O)O)F,[NH3+]C1C2CN(c3nc4c(cc3F)c(=O)c(C(=O)O)cn4-c3ccc(F)cc3F)CC12,0.15,-0.65,0.8,1,0,0,0,0,1,2,0,0,1,1,1,0,0,0,3,0,1,0,0,0,0,0,0,1,0,0,1,0,2,0,0,0,0,0,0,0,0,0,0,0,0,0,0,0,0,0,0,0,1,0,0,2,0,0,0,0,0,416.3590000000001,101.34170000000005,6,2,3,3,2,101.45,20,0,3,0,100.04240000000004,103.07
ENV2326,"1-DODECANAMINE, HYDROCHLORIDE",CCCCCCCCCCCCN,CCCCCCCCCCCC[NH3+],4.76,1.85,2.91,1,0,0,0,0,0,0,0,0,0,0,0,0,0,0,0,0,1,0,0,0,0,0,0,0,0,0,0,0,0,0,0,0,0,0,0,0,0,0,0,0,0,0,0,0,0,0,0,0,0,0,0,0,0,0,0,0,8,185.355,60.89840000000005,1,1,10,0,0,26.02,12,0,0,0,59.59910000000004,27.64
MON70,Terfenadine,CC(C)(C)C1=CC=C(C=C1)C(CCCN2CCC(CC2)C(C3=CC=CC=C3)(C4=CC=CC=C4)O)O,CC(C)(C)c1ccc(C(O)CCC[NH+]2CCC(C(O)(c3ccccc3)c3ccccc3)CC2)cc1,5.52,1.77,3.75,1,0,2,1,0,0,0,0,0,0,0,0,0,0,0,1,0,0,0,1,0,0,0,0,0,0,0,3,0,0,0,0,0,0,0,0,0,0,0,0,0,0,0,0,0,0,0,0,0,1,0,0,0,0,0,0,0,0,471.6850000000001,144.38259999999988,3,2,8,3,1,43.7,32,0,0,0,143.50629999999984,44.900000000000006
ENV13105,Pravastatin sodium,CC[C@H](C)C(=O)O[C@H]1C[C@H](O)C=C2C=C[C@H](C)[C@H](CC[C@@H](O)C[C@@H](O)CC(=O)O)[C@H]21,CC[C@H](C)C(=O)O[C@H]1C[C@H](O)C=C2C=C[C@H](C)[C@H](CC[C@@H](O)C[C@@H](O)CC(=O)[O-])[C@H]21,2.18,-0.23,2.41,-1,1,3,3,0,0,0,0,0,1,1,2,1,0,0,0,0,0,0,0,0,2,0,0,0,0,0,0,0,1,0,1,1,0,0,0,0,0,0,0,0,0,0,0,0,0,0,0,0,0,0,0,0,0,0,0,0,0,424.5340000000002,111.44320000000006,6,4,10,0,2,124.29,23,0,0,0,108.81440000000003,127.12
MON59,Propranolol,CC(C)NCC(COC1=CC=CC2=CC=CC=C21)O,CC(C)[NH2+]CC(O)COc1cccc2ccccc12,3.48,0.78,2.7,1,0,1,1,0,0,0,0,0,0,0,0,0,0,0,0,1,0,0,0,0,0,0,0,0,0,0,2,0,1,0,0,1,0,0,0,0,0,0,0,0,0,0,0,0,0,0,0,0,0,0,0,0,0,0,0,0,0,259.349,78.58850000000005,3,2,6,2,0,41.49,16,0,0,0,77.37820000000005,46.07000000000001
ZW16,Phe-Phe-Phe-2,C1=CC=C(C=C1)CC(C(=O)NC(CC2=CC=CC=C2)C(=O)NC(CC3=CC=CC=C3)C(=O)O)N,C1=CC=C(C=C1)CC(C(=O)NC(CC2=CC=CC=C2)C(=O)NC(CC3=CC=CC=C3)C(=O)[O-])N,0.02,-0.55,0.5700000000000001,-1,1,0,0,0,0,0,0,0,1,1,3,2,0,0,0,2,1,0,0,0,0,2,0,0,0,0,3,0,0,0,0,0,0,0,0,0,0,0,0,0,0,0,0,0,0,0,0,0,0,0,0,0,0,0,0,0,0,459.5460000000002,129.91060000000004,4,4,11,3,0,121.52,27,0,0,0,127.28180000000002,124.35
ZW15,Phe-Phe-Phe-1,C1=CC=C(C=C1)CC(C(=O)NC(CC2=CC=CC=C2)C(=O)NC(CC3=CC=CC=C3)C(=O)O)N,[NH3+]C(Cc1ccccc1)C(=O)NC(Cc1ccccc1)C(=O)NC(Cc1ccccc1)C(=O)O,0.02,0.82,-0.7999999999999999,1,1,0,0,0,0,0,0,0,1,1,3,2,0,0,0,2,1,0,0,0,0,2,0,0,0,0,3,0,0,0,0,0,0,0,0,0,0,0,0,0,0,0,0,0,0,0,0,0,0,0,0,0,0,0,0,0,0,459.5460000000002,129.91060000000004,4,4,11,3,0,121.52,27,0,0,0,128.61130000000003,123.14
